2025-09-17 15:43:30,01,12,test,成功
2025-09-17 15:49:49,01,12,test,成功
2025-09-17 15:51:08,01,12,test,成功
2025-09-17 15:51:11,03,12,test,ログアウト
2025-09-17 15:51:31,02,,a,失敗
2025-09-17 16:02:24,02,,a,失敗
2025-09-17 17:44:14,02,,a,失敗
2025-09-17 17:44:38,01,9,a,成功
2025-09-17 17:46:20,01,9,a,成功
2025-09-17 17:46:23,03,9,a,ログアウト
2025-09-17 17:46:40,02,,aa,失敗
2025-09-17 17:51:03,02,,aa,失敗
2025-09-17 18:05:59,01,9,a,成功
2025-09-17 18:06:02,03,9,a,ログアウト
2025-09-17 18:06:06,02,,aa,失敗
2025-09-17 18:06:14,02,,aa,失敗
2025-09-17 18:07:23,02,,a,失敗
2025-09-17 18:07:35,02,,b,失敗
2025-09-17 18:07:52,01,12,test,成功
2025-09-17 18:07:56,03,12,test,ログアウト
2025-09-17 18:07:59,01,12,test,成功
